<?xml version="1.0">
<notes>
    <note>
        <title>Meeting Reminder</title>
        <content>Don't forget the meeting at 10 AM.</content>
        <date>2025-02-09</date>
    </note>
    <note>
        <title>Shopping List</title>
        <content>Buy milk, eggs, and bread.</content>
        <date>2025-02-09</date>
    </note>
    <note>
        <title>Workout Plan</title>
        <content>Run 5km and do strength training.</content>
        <date>2025-02-10</date>
    </note>
</notes>