<?xml version = "1.0">
<!DOCTYPE students [
<!Element Student(name, address, faculty,semester)>
<!ATTRLISTstudent ssid(#DATA)>
<!ELEMENT name (firstNmae, lastName)>
<!ELEMENT firstName #PCDATA (//attribute ko value lai c data, element ko valu

<Students>

<Student>
<firstName> Anusha </firstName>
<lastName> Gyawali </lastName>
<Address> Baridhara </Address>
<Contact> 9746412962 </Contact>
<Level> Bachelor</Level>
<Faculty> BCA </Faculty>
<Semester> 3rd </Semester>
</Student>

<Student>
<Name> Reetika Paudel </Name>
<Address> janakinagar </Address>
<Contact> 978771949 </Contact>
<Level> Bachelor</Level>
<Faculty> BCA </Faculty>
<Semester> 3rd </Semester>
</Student>

<Student>
<Name> Sushmita Lamisil </Name>
<Address> Parasi </Address>
<Contact> 978771949 </Contact>
<Level> Bachelor</Level>
<Faculty>BCA </Faculty> 
<Semester> 3rd </Semester>
</Student>

</Students>